year,month,date_text,day,day_no,open_price,daily_low,daily_high,closing_price,trend,open_equals_closing,all_day_maintain,closing_at_daily_low,closing_at_daily_high
2018,October,2018-10-24,Wednesday,3,1230.98,1225.93,1234.78,1234.68,,0,0,0,0
2018,October,2018-10-25,Thursday,4,1233.98,1223.53,1239.23,1223.53,downward,0,0,1,0
2018,October,2018-10-26,Friday,5,1232.33,1223.53,1242.98,1223.53,maintain,0,0,1,0
2018,October,2018-10-27,Saturday,6,,,,,,,,,
2018,October,2018-10-28,Sunday,7,1223.53,1223.53,1234.93,1233.48,upward,0,0,0,0
2018,October,2018-10-29,Monday,1,1233.23,1221.23,1235.38,1230.18,downward,0,0,0,0
2018,October,2018-10-30,Tuesday,2,1229.43,1220.08,1230.68,1222.73,downward,0,0,0,0
2018,October,2018-10-31,Wednesday,3,1222.58,1212.18,1223.13,1215.33,downward,0,0,0,0
2018,November,2018-11-01,Thursday,4,1215.48,1215.48,1237.33,1234.13,upward,0,0,0,0
2018,November,2018-11-02,Friday,5,1234.23,1230.33,1236.33,1233.08,downward,0,0,0,0
2018,November,2018-11-03,Saturday,6,,,,,,,,,
2018,November,2018-11-04,Sunday,7,1246.88,1246.88,1246.88,1246.88,upward,1,1,1,1
2018,November,2018-11-05,Monday,1,1233.38,1227.03,1235.03,1231.63,downward,0,0,0,0
2018,November,2018-11-06,Tuesday,2,1231.53,1223.78,1235.93,1226.98,downward,0,0,0,0
2018,November,2018-11-07,Wednesday,3,1227.33,1223.48,1235.93,1224.83,downward,0,0,0,0
2018,November,2018-11-08,Thursday,4,1226.68,1220.43,1227.08,1223.68,downward,0,0,0,0
2018,November,2018-11-09,Friday,5,1223.48,1206.93,1223.58,1209.73,downward,0,0,0,0
2018,November,2018-11-10,Saturday,6,,,,,,,,,
2018,November,2018-11-11,Sunday,7,1209.73,1209.73,1209.73,1209.73,maintain,1,1,1,1
2018,November,2018-11-12,Monday,1,1209.43,1200.13,1211.48,1200.13,downward,0,0,1,0
2018,November,2018-11-13,Tuesday,2,1201.38,1196.63,1205.18,1202.38,upward,0,0,0,0
2018,November,2018-11-14,Wednesday,3,1202.88,1197.83,1216.03,1214.73,upward,0,0,0,0
2018,November,2018-11-15,Thursday,4,1210.93,1208.28,1216.03,1213.38,downward,0,0,0,0
2018,November,2018-11-16,Friday,5,1213.43,1213.33,1225.13,1221.23,upward,0,0,0,0
2018,November,2018-11-17,Saturday,6,,,,,,,,,
2018,November,2018-11-18,Sunday,7,1221.23,1221.23,1221.23,1221.23,maintain,1,1,1,1
2018,November,2018-11-19,Monday,1,1222.08,1218.23,1233.88,1233.88,upward,0,0,0,1
2018,November,2018-11-20,Tuesday,2,1224.08,1220.23,1228.43,1221.58,downward,0,0,0,0
2018,November,2018-11-21,Wednesday,3,1222.03,1219.88,1230.13,1226.08,upward,0,0,0,0
2018,November,2018-11-22,Thursday,4,1225.53,1225.03,1229.5,1229.5,upward,0,0,0,1
2018,November,2018-11-23,Friday,5,1227.08,1220.63,1228.63,1227.63,downward,0,0,0,0
2018,November,2018-11-24,Saturday,6,,,,,,,,,
2018,November,2018-11-25,Sunday,7,1227.63,1227.63,1227.63,1227.63,maintain,1,1,1,1
2018,November,2018-11-26,Monday,1,1223.68,1221.83,1231.88,1231.88,upward,0,0,0,1
2018,November,2018-11-27,Tuesday,2,1222.53,1212.08,1231.88,1231.88,maintain,0,0,0,1
2018,November,2018-11-28,Wednesday,3,1212.13,1211.38,1225.38,1221.18,downward,0,0,0,0
2018,November,2018-11-29,Thursday,4,1220.73,1220.53,1228.98,1224.48,upward,0,0,0,0
2018,November,2018-11-30,Friday,5,1224.33,1216.93,1225.63,1218.98,downward,0,0,0,0
2018,December,2018-12-01,Saturday,6,,,,,,,,,
2018,December,2018-12-02,Sunday,7,1218.98,1218.98,1218.98,1218.98,maintain,1,1,1,1
2018,December,2018-12-03,Monday,1,1223.13,1221.43,1237.38,1237.38,upward,0,0,0,1
2018,December,2018-12-04,Tuesday,2,1230.83,1230.63,1241.93,1238.63,upward,0,0,0,0
2018,December,2018-12-05,Wednesday,3,1238.98,1232.83,1239.33,1232.83,downward,0,0,1,0
2018,December,2018-12-06,Thursday,4,1238.23,1234.98,1244.23,1238.18,upward,0,0,0,0
2018,December,2018-12-07,Friday,5,1238.03,1237.48,1250.13,1248.68,upward,0,0,0,0
2018,December,2018-12-08,Saturday,6,,,,,,,,,
2018,December,2018-12-09,Sunday,7,1248.68,1248.68,1248.68,1248.68,maintain,1,1,1,1
2018,December,2018-12-10,Monday,1,1250.48,1241.88,1250.78,1244.33,downward,0,0,0,0
2018,December,2018-12-11,Tuesday,2,1245.13,1241.18,1249.53,1242.53,downward,0,0,0,0
2018,December,2018-12-12,Wednesday,3,1243.33,1239.83,1247.28,1239.83,downward,0,0,1,0
2018,December,2018-12-13,Thursday,4,1246.18,1240.48,1246.83,1241.88,upward,0,0,0,0
2018,December,2018-12-14,Friday,5,1242.03,1233.08,1243.08,1238.43,downward,0,0,0,0
2018,December,2018-12-15,Saturday,6,,,,,,,,,
2018,December,2018-12-16,Sunday,7,1238.43,1238.43,1238.43,1238.43,maintain,1,1,1,1
2018,December,2018-12-17,Monday,1,1241.48,1234.68,1248.13,1245.88,upward,0,0,0,0
2018,December,2018-12-18,Tuesday,2,1245.73,1245.18,1250.33,1249.33,upward,0,0,0,0
2018,December,2018-12-19,Wednesday,3,1250.08,1241.93,1258.13,1243.13,downward,0,0,0,0
2018,December,2018-12-20,Thursday,4,1244.43,1242.93,1266.88,1266.88,upward,0,0,0,1
2018,December,2018-12-21,Friday,5,1260.83,1251.93,1262.73,1251.98,downward,0,0,0,0
2018,December,2018-12-22,Saturday,6,,,,,,,,,
2018,December,2018-12-23,Sunday,7,1251.98,1251.98,1251.98,1251.98,maintain,1,1,1,1
2018,December,2018-12-24,Monday,1,1258.68,1258.13,1272.83,1269.13,upward,0,0,0,0
2018,December,2018-12-25,Tuesday,2,1270.23,1270.23,1270.23,1270.23,upward,1,1,1,1
2018,December,2018-12-26,Wednesday,3,1270.75,1263.75,1279.1,1267.05,downward,0,0,0,0
2018,December,2018-12-27,Thursday,4,1267.85,1266.85,1284.75,1275.75,upward,0,0,0,0
2018,December,2018-12-28,Friday,5,1275.4,1274.4,1281.9,1280.75,upward,0,0,0,0
2018,December,2018-12-29,Saturday,6,,,,,,,,,
2018,December,2018-12-30,Sunday,7,1280.75,1280.75,1280.75,1280.75,maintain,1,1,1,1
2018,December,2018-12-31,Monday,1,1280.1,1277.5,1284.1,1279.45,downward,0,0,0,0
2019,January,2019-01-01,Tuesday,2,,,,,,,,,
2019,January,2019-01-02,Wednesday,3,1281.6,1278.9,1288.6,1284.55,upward,0,0,0,0
2019,January,2019-01-03,Thursday,4,1287.7,1285.2,1294.7,1294.05,upward,0,0,0,0
2019,January,2019-01-04,Friday,5,1293.9,1276.9,1298.35,1284.95,downward,0,0,0,0
2019,January,2019-01-05,Saturday,6,,,,,,,,,
2019,January,2019-01-06,Sunday,7,1284.95,1284.95,1284.95,1284.95,maintain,1,1,1,1
2019,January,2019-01-07,Monday,1,1286.05,1282.8,1295.0,1289.55,upward,0,0,0,0
2019,January,2019-01-08,Tuesday,2,1289.4,1279.9,1290.2,1285.55,downward,0,0,0,0
2019,January,2019-01-09,Wednesday,3,1284.8,1280.35,1293.95,1293.95,upward,0,0,0,1
2019,January,2019-01-10,Thursday,4,1293.2,1286.25,1297.05,1286.25,downward,0,0,1,0
2019,January,2019-01-11,Friday,5,1286.9,1286.9,1295.2,1287.55,upward,0,0,0,0
2019,January,2019-01-12,Saturday,6,,,,,,,,,
2019,January,2019-01-13,Sunday,7,1291.75,1291.75,1291.75,1291.75,upward,1,1,1,1
2019,January,2019-01-14,Monday,1,1288.15,1288.05,1295.8,1291.55,downward,0,0,0,0
2019,January,2019-01-15,Tuesday,2,1292.6,1276.25,1294.6,1276.25,downward,0,0,1,0
2019,January,2019-01-16,Wednesday,3,1289.8,1288.0,1295.0,1293.55,upward,0,0,0,0
2019,January,2019-01-17,Thursday,4,1293.9,1289.05,1295.4,1291.95,downward,0,0,0,0
2019,January,2019-01-18,Friday,5,1292.4,1280.75,1292.5,1281.23,downward,0,0,0,0
2019,January,2019-01-19,Saturday,6,,,,,,,,,
2019,January,2019-01-20,Sunday,7,1281.23,1281.23,1281.23,1281.23,maintain,1,1,1,1
2019,January,2019-01-21,Monday,1,1282.88,1275.93,1283.63,1276.03,downward,0,0,0,0
2019,January,2019-01-22,Tuesday,2,1280.13,1277.58,1285.48,1285.18,upward,0,0,0,0
2019,January,2019-01-23,Wednesday,3,1284.98,1279.03,1286.48,1282.73,downward,0,0,0,0
2019,January,2019-01-24,Thursday,4,1282.88,1277.18,1284.73,1281.13,downward,0,0,0,0
2019,January,2019-01-25,Friday,5,1280.83,1280.08,1309.88,1309.88,upward,0,0,0,1
2019,January,2019-01-26,Saturday,6,,,,,,,,,
2019,January,2019-01-27,Sunday,7,1309.88,1309.88,1309.88,1309.88,maintain,1,1,1,1
2019,January,2019-01-28,Monday,1,1302.43,1297.88,1304.43,1303.58,downward,0,0,0,0
2019,January,2019-01-29,Tuesday,2,1303.43,1302.83,1312.18,1312.18,upward,0,0,0,1
2019,January,2019-01-30,Wednesday,3,1311.68,1309.63,1323.13,1319.78,upward,0,0,0,0
2019,January,2019-01-31,Thursday,4,1320.48,1317.68,1326.28,1321.03,upward,0,0,0,0
2019,February,2019-02-01,Friday,5,1321.03,1316.38,1323.33,1318.63,downward,0,0,0,0
2019,February,2019-02-02,Saturday,6,,,,,,,,,
2019,February,2019-02-03,Sunday,7,1318.63,1318.63,1318.63,1318.63,maintain,1,1,1,1
2019,February,2019-02-04,Monday,1,1318.28,1309.13,1318.28,1310.13,downward,0,0,0,0
2019,February,2019-02-05,Tuesday,2,1312.03,1310.83,1322.38,1322.38,upward,0,0,0,1
2019,February,2019-02-06,Wednesday,3,1314.83,1305.83,1315.93,1306.58,downward,0,0,0,0
2019,February,2019-02-07,Thursday,4,1307.73,1300.13,1311.88,1300.13,downward,0,0,1,0
2019,February,2019-02-08,Friday,5,1310.18,1308.03,1315.73,1314.93,upward,0,0,0,0
2019,February,2019-02-09,Saturday,6,,,,,,,,,
2019,February,2019-02-10,Sunday,7,1314.93,1314.93,1314.93,1314.93,maintain,1,1,1,1
2019,February,2019-02-11,Monday,1,1313.68,1303.98,1314.83,1308.13,downward,0,0,0,0
2019,February,2019-02-12,Tuesday,2,1307.98,1306.63,1314.73,1310.73,upward,0,0,0,0
2019,February,2019-02-13,Wednesday,3,1311.33,1304.13,1317.78,1304.13,downward,0,0,1,0
2019,February,2019-02-14,Thursday,4,1306.73,1303.33,1314.33,1305.93,upward,0,0,0,0
2019,February,2019-02-15,Friday,5,1312.78,1311.53,1323.38,1323.38,upward,0,0,0,1
2019,February,2019-02-16,Saturday,6,,,,,,,,,
2019,February,2019-02-17,Sunday,7,1323.38,1323.38,1323.38,1323.38,maintain,1,1,1,1
2019,February,2019-02-18,Monday,1,1321.63,1320.83,1336.88,1336.88,upward,0,0,0,1
2019,February,2019-02-19,Tuesday,2,1326.35,1322.63,1341.73,1322.63,downward,0,0,1,0
2019,February,2019-02-20,Wednesday,3,1340.13,1336.73,1346.73,1336.73,upward,0,0,1,0
2019,February,2019-02-21,Thursday,4,1339.23,1322.73,1341.28,1323.28,downward,0,0,0,0
2019,February,2019-02-22,Friday,5,1324.48,1322.08,1333.03,1327.63,upward,0,0,0,0
2019,February,2019-02-23,Saturday,6,,,,,,,,,
2019,February,2019-02-24,Sunday,7,1327.63,1327.63,1327.63,1327.63,maintain,1,1,1,1
2019,February,2019-02-25,Monday,1,1327.78,1325.73,1332.48,1326.73,downward,0,0,0,0
2019,February,2019-02-26,Tuesday,2,1327.48,1323.73,1330.23,1328.93,upward,0,0,0,0
2019,February,2019-02-27,Wednesday,3,1329.28,1317.13,1329.93,1319.98,downward,0,0,0,0
2019,February,2019-02-28,Thursday,4,1320.18,1312.83,1327.13,1313.58,downward,0,0,0,0
2019,March,2019-03-01,Friday,5,1314.48,1290.38,1315.13,1292.78,downward,0,0,0,0
2019,March,2019-03-02,Saturday,6,,,,,,,,,
2019,March,2019-03-03,Sunday,7,1292.78,1292.78,1292.78,1292.78,maintain,1,1,1,1
2019,March,2019-03-04,Monday,1,1295.58,1283.33,1297.08,1291.88,downward,0,0,0,0
2019,March,2019-03-05,Tuesday,2,1287.08,1281.83,1289.53,1287.78,downward,0,0,0,0
2019,March,2019-03-06,Wednesday,3,1287.48,1283.83,1290.83,1286.58,downward,0,0,0,0
2019,March,2019-03-07,Thursday,4,1286.88,1280.13,1288.83,1280.13,downward,0,0,1,0
2019,March,2019-03-08,Friday,5,1285.93,1285.33,1300.73,1299.28,upward,0,0,0,0
2019,March,2019-03-09,Saturday,6,,,,,,,,,
2019,March,2019-03-10,Sunday,7,1299.28,1296.33,1299.28,1296.68,downward,0,0,0,0
2019,March,2019-03-11,Monday,1,1297.03,1290.68,1299.13,1293.23,downward,0,0,0,0
2019,March,2019-03-12,Tuesday,2,1293.23,1292.23,1307.88,1301.08,upward,0,0,0,0
2019,March,2019-03-13,Wednesday,3,1301.03,1301.03,1313.38,1309.83,upward,0,0,0,0
2019,March,2019-03-14,Thursday,4,1309.93,1293.58,1310.48,1296.53,downward,0,0,0,0
2019,March,2019-03-15,Friday,5,1296.33,1294.23,1306.33,1301.38,upward,0,0,0,0
2019,March,2019-03-16,Saturday,6,,,,,,,,,
2019,March,2019-03-17,Sunday,7,1301.38,1301.38,1302.93,1302.13,upward,0,0,0,0
2019,March,2019-03-18,Monday,1,1302.33,1298.53,1306.58,1303.53,upward,0,0,0,0
2019,March,2019-03-19,Tuesday,2,1303.53,1302.63,1310.98,1306.73,upward,0,0,0,0
2019,March,2019-03-20,Wednesday,3,1306.78,1299.63,1316.88,1314.13,upward,0,0,0,0
2019,March,2019-03-21,Thursday,4,1314.33,1300.83,1320.43,1309.53,downward,0,0,0,0
2019,March,2019-03-22,Friday,5,1309.33,1307.13,1314.83,1313.23,upward,0,0,0,0
2019,March,2019-03-23,Saturday,6,,,,,,,,,
2019,March,2019-03-24,Sunday,7,1313.23,1312.63,1314.03,1313.08,downward,0,0,0,0
2019,March,2019-03-25,Monday,1,1312.33,1311.13,1327.88,1322.23,upward,0,0,0,0
2019,March,2019-03-26,Tuesday,2,1321.98,1312.93,1323.28,1316.38,downward,0,0,0,0
2019,March,2019-03-27,Wednesday,3,1316.73,1308.43,1319.33,1309.78,downward,0,0,0,0
2019,March,2019-03-28,Thursday,4,1309.33,1288.75,1312.33,1291.2,downward,0,0,0,0
2019,March,2019-03-29,Friday,5,1291.15,1287.2,1299.7,1292.88,upward,0,0,0,0
2019,March,2019-03-30,Saturday,6,,,,,,,,,
2019,March,2019-03-31,Sunday,7,1292.88,1292.88,1292.88,1292.88,maintain,1,1,1,1
2019,April,2019-04-01,Monday,1,1292.3,1285.15,1296.9,1285.15,downward,0,0,1,0
2019,April,2019-04-02,Tuesday,2,1287.75,1285.6,1293.15,1293.15,upward,0,0,0,1
2019,April,2019-04-03,Wednesday,3,1292.35,1288.6,1294.4,1289.95,downward,0,0,0,0
2019,April,2019-04-04,Thursday,4,1290.55,1281.2,1294.35,1294.35,upward,0,0,0,1
2019,April,2019-04-05,Friday,5,1292.9,1284.7,1293.65,1290.15,downward,0,0,0,0
2019,April,2019-04-06,Saturday,6,,,,,,,,,
2019,April,2019-04-07,Sunday,7,1290.15,1290.15,1290.15,1290.15,maintain,1,1,1,1
2019,April,2019-04-08,Monday,1,1292.3,1291.5,1303.8,1292.65,upward,0,0,0,0
2019,April,2019-04-09,Tuesday,2,1298.05,1296.7,1306.1,1303.88,upward,0,0,0,0
2019,April,2019-04-10,Wednesday,3,1304.55,1301.4,1310.65,1307.85,upward,0,0,0,0
2019,April,2019-04-11,Thursday,4,1308.2,1288.75,1309.2,1288.75,downward,0,0,1,0
2019,April,2019-04-12,Friday,5,1292.65,1290.4,1295.65,1290.4,upward,0,0,1,0
2019,April,2019-04-13,Saturday,6,,,,,,,,,
2019,April,2019-04-14,Sunday,7,1290.4,1290.4,1290.4,1290.4,maintain,1,1,1,1
2019,April,2019-04-15,Monday,1,1292.2,1271.15,1292.2,1273.15,downward,0,0,0,0
2019,April,2019-04-16,Tuesday,2,1288.05,1272.15,1288.7,1272.95,downward,0,0,0,0
2019,April,2019-04-17,Wednesday,3,1277.05,1273.2,1279.6,1274.13,upward,0,0,0,0
2019,April,2019-04-18,Thursday,4,1274.4,1271.4,1277.7,1274.1,downward,0,0,0,0
2019,April,2019-04-20,Saturday,6,,,,,,,,,
2019,April,2019-04-21,Sunday,7,1274.1,1274.1,1274.1,1274.1,maintain,1,1,1,1
2019,April,2019-04-22,Monday,1,1276.5,1273.25,1279.8,1273.25,downward,0,0,1,0
2019,April,2019-04-23,Tuesday,2,1275.4,1265.65,1276.5,1265.65,downward,0,0,1,0
2019,April,2019-04-24,Wednesday,3,1272.25,1268.9,1278.5,1275.38,upward,0,0,0,0
2019,April,2019-04-25,Thursday,4,1275.6,1273.5,1282.55,1277.35,upward,0,0,0,0
2019,April,2019-04-26,Friday,5,1277.45,1276.7,1288.75,1286.25,upward,0,0,0,0
2019,April,2019-04-27,Saturday,6,1286.25,1286.25,1286.25,1286.25,maintain,1,1,1,1
2019,April,2019-04-28,Sunday,7,1286.25,1286.25,1286.25,1286.25,maintain,1,1,1,1
2019,April,2019-04-29,Monday,1,1285.95,1278.3,1288.05,1288.05,upward,0,0,0,1
2019,April,2019-04-30,Tuesday,2,1280.15,1280.0,1287.95,1287.95,downward,0,0,0,1
2019,May,2019-05-01,Wednesday,3,1283.4,1273.15,1287.1,1276.68,downward,0,0,0,0
2019,May,2019-05-02,Thursday,4,1277.3,1266.75,1287.85,1287.85,upward,0,0,0,1
2019,May,2019-05-03,Friday,5,1270.65,1269.3,1282.5,1276.65,downward,0,0,0,0
2019,May,2019-05-04,Saturday,6,,,,,,,,,
2019,May,2019-05-05,Sunday,7,1276.65,1276.65,1276.65,1276.65,maintain,1,1,1,1
2019,May,2019-05-06,Monday,1,1282.75,1275.15,1285.65,1275.15,downward,0,0,1,0
2019,May,2019-05-07,Tuesday,2,1281.35,1278.5,1288.85,1288.85,upward,0,0,0,1
2019,May,2019-05-08,Wednesday,3,1284.05,1279.5,1291.45,1280.93,downward,0,0,0,0
2019,May,2019-05-09,Thursday,4,1281.3,1279.8,1288.0,1284.13,upward,0,0,0,0
2019,May,2019-05-10,Friday,5,1284.55,1283.3,1289.45,1286.0,upward,0,0,0,0
2019,May,2019-05-11,Saturday,6,,,,,,,,,
2019,May,2019-05-12,Sunday,7,1286.0,1286.0,1286.0,1286.0,maintain,1,1,1,1
2019,May,2019-05-13,Monday,1,1287.15,1282.15,1301.2,1300.05,upward,0,0,0,0
2019,May,2019-05-14,Tuesday,2,1300.65,1293.85,1311.85,1311.85,upward,0,0,0,1
2019,May,2019-05-15,Wednesday,3,1297.2,1293.1,1307.35,1307.35,downward,0,0,0,1
2019,May,2019-05-16,Thursday,4,1296.6,1280.15,1298.7,1280.15,downward,0,0,1,0
2019,May,2019-05-17,Friday,5,1286.7,1275.3,1288.85,1277.55,downward,0,0,0,0
2019,May,2019-05-18,Saturday,6,,,,,,,,,
2019,May,2019-05-19,Sunday,7,1277.55,1277.55,1277.55,1277.55,maintain,1,1,1,1
2019,May,2019-05-20,Monday,1,1278.55,1273.9,1297.85,1297.85,upward,0,0,0,1
2019,May,2019-05-21,Tuesday,2,1277.7,1269.15,1278.0,1269.15,downward,0,0,1,0
2019,May,2019-05-22,Wednesday,3,1274.7,1272.6,1277.3,1273.85,upward,0,0,0,0
2019,May,2019-05-23,Thursday,4,1273.8,1272.95,1287.25,1283.45,upward,0,0,0,0
2019,May,2019-05-24,Friday,5,1283.6,1280.85,1292.85,1292.85,upward,0,0,0,1
2019,May,2019-05-25,Saturday,6,,,,,,,,,
2019,May,2019-05-26,Sunday,7,1292.85,1292.85,1292.85,1292.85,maintain,1,1,1,1
2019,May,2019-05-27,Monday,1,1285.55,1283.9,1287.5,1285.2,downward,0,0,0,0
2019,May,2019-05-28,Tuesday,2,1285.45,1276.3,1292.85,1292.85,upward,0,0,0,1
2019,May,2019-05-29,Wednesday,3,1279.88,1279.25,1292.85,1292.85,maintain,0,0,0,1
2019,May,2019-05-30,Thursday,4,1280.15,1275.2,1289.15,1289.05,downward,0,0,0,0
2019,May,2019-05-31,Friday,5,1288.3,1288.15,1306.9,1305.65,upward,0,0,0,0
2019,June,2019-06-01,Saturday,6,,,,,,,,,
2019,June,2019-06-02,Sunday,7,1305.65,1305.65,1305.65,1305.65,maintain,1,1,1,1
2019,June,2019-06-03,Monday,1,1306.8,1306.7,1327.8,1325.18,upward,0,0,0,0
2019,June,2019-06-04,Tuesday,2,1325.05,1320.1,1329.05,1325.28,upward,0,0,0,0
2019,June,2019-06-05,Wednesday,3,1325.35,1324.6,1343.95,1330.18,upward,0,0,0,0
2019,June,2019-06-06,Thursday,4,1332.25,1327.5,1339.8,1335.6,upward,0,0,0,0
2019,June,2019-06-07,Friday,5,1335.85,1330.4,1348.05,1340.7,upward,0,0,0,0
2019,June,2019-06-08,Saturday,6,,,,,,,,,
2019,June,2019-06-09,Sunday,7,1340.7,1340.7,1340.7,1340.7,maintain,1,1,1,1
2019,June,2019-06-10,Monday,1,1335.4,1325.2,1337.6,1328.13,downward,0,0,0,0
2019,June,2019-06-11,Tuesday,2,1328.2,1320.0,1329.9,1329.55,upward,0,0,0,0
2019,June,2019-06-12,Wednesday,3,1326.95,1326.3,1338.15,1333.55,upward,0,0,0,0
2019,June,2019-06-13,Thursday,4,1333.8,1332.6,1343.2,1342.35,upward,0,0,0,0
2019,June,2019-06-14,Friday,5,1342.5,1333.05,1358.0,1333.05,downward,0,0,1,0
2019,June,2019-06-15,Saturday,6,,,,,,,,,
2019,June,2019-06-16,Sunday,7,1333.05,1333.05,1333.05,1333.05,maintain,1,1,1,1
2019,June,2019-06-17,Monday,1,1342.0,1333.0,1343.2,1336.15,upward,0,0,0,0
2019,June,2019-06-18,Tuesday,2,1340.1,1338.7,1354.05,1346.48,upward,0,0,0,0
2019,June,2019-06-19,Wednesday,3,1346.35,1333.05,1362.2,1333.05,downward,0,0,1,0
2019,June,2019-06-20,Thursday,4,1359.15,1357.8,1393.0,1388.18,upward,0,0,0,0
2019,June,2019-06-21,Friday,5,1388.35,1382.75,1410.3,1399.05,upward,0,0,0,0
2019,June,2019-06-22,Saturday,6,,,,,,,,,
2019,June,2019-06-23,Sunday,7,1399.05,1399.05,1399.05,1399.05,maintain,1,1,1,1
2019,June,2019-06-24,Monday,1,1400.55,1400.55,1421.05,1419.55,upward,0,0,0,0
2019,June,2019-06-25,Tuesday,2,1418.85,1412.3,1438.65,1423.25,upward,0,0,0,0
2019,June,2019-06-26,Wednesday,3,1421.25,1402.6,1421.4,1407.45,downward,0,0,0,0
2019,June,2019-06-27,Thursday,4,1408.6,1399.7,1411.65,1409.68,upward,0,0,0,0
2019,June,2019-06-28,Friday,5,1409.4,1406.2,1424.05,1409.5,downward,0,0,0,0
2019,June,2019-06-29,Saturday,6,,,,,,,,,
2019,June,2019-06-30,Sunday,7,1409.5,1409.5,1409.5,1409.5,maintain,1,1,1,1
2019,July,2019-07-01,Monday,1,1392.35,1355.15,1395.5,1382.45,downward,0,0,0,0
2019,July,2019-07-02,Tuesday,2,1384.35,1384.35,1423.35,1423.35,upward,0,0,0,1
2019,July,2019-07-03,Wednesday,3,1423.15,1412.55,1436.2,1423.45,upward,0,0,0,0
2019,July,2019-07-04,Thursday,4,1419.65,1410.8,1421.7,1417.7,downward,0,0,0,0
2019,July,2019-07-05,Friday,5,1416.75,1387.8,1423.65,1399.95,downward,0,0,0,0
2019,July,2019-07-06,Saturday,6,,,,,,,,,
2019,July,2019-07-07,Sunday,7,1399.95,1399.95,1399.95,1399.95,maintain,1,1,1,1
2019,July,2019-07-08,Monday,1,1399.3,1392.3,1407.6,1395.5,downward,0,0,0,0
2019,July,2019-07-09,Tuesday,2,1395.75,1386.6,1399.7,1397.6,upward,0,0,0,0
2019,July,2019-07-10,Wednesday,3,1396.85,1378.25,1419.0,1378.25,downward,0,0,1,0
2019,July,2019-07-11,Thursday,4,1419.65,1401.6,1425.95,1403.93,upward,0,0,0,0
2019,July,2019-07-12,Friday,5,1404.75,1403.45,1426.85,1426.85,upward,0,0,0,1
2019,July,2019-07-13,Saturday,6,,,,,,,,,
2019,July,2019-07-14,Sunday,7,1426.85,1426.85,1426.85,1426.85,maintain,1,1,1,1
2019,July,2019-07-15,Monday,1,1415.85,1408.0,1419.75,1414.08,downward,0,0,0,0
2019,July,2019-07-16,Tuesday,2,1415.1,1401.55,1418.25,1406.33,downward,0,0,0,0
2019,July,2019-07-17,Wednesday,3,1406.85,1400.55,1426.8,1426.7,upward,0,0,0,0
2019,July,2019-07-18,Thursday,4,1426.6,1415.05,1447.9,1445.95,upward,0,0,0,0
2019,July,2019-07-19,Friday,5,1449.25,1418.15,1452.2,1418.15,downward,0,0,1,0
2019,July,2019-07-20,Saturday,6,,,,,,,,,
2019,July,2019-07-21,Sunday,7,1418.15,1418.15,1418.15,1418.15,maintain,1,1,1,1
2019,July,2019-07-22,Monday,1,1426.45,1422.7,1429.4,1425.13,upward,0,0,0,0
2019,July,2019-07-23,Tuesday,2,1424.9,1414.65,1429.25,1417.38,downward,0,0,0,0
2019,July,2019-07-24,Wednesday,3,1417.4,1416.55,1428.4,1425.58,upward,0,0,0,0
2019,July,2019-07-25,Thursday,4,1425.55,1411.4,1433.55,1414.53,downward,0,0,0,0
2019,July,2019-07-26,Friday,5,1415.1,1413.9,1424.5,1418.65,upward,0,0,0,0
2019,July,2019-07-27,Saturday,6,,,,,,,,,
2019,July,2019-07-28,Sunday,7,1418.65,1418.65,1418.65,1418.65,maintain,1,1,1,1
2019,July,2019-07-29,Monday,1,1420.45,1417.3,1430.05,1430.05,upward,0,0,0,1
2019,July,2019-07-30,Tuesday,2,1425.95,1422.5,1432.65,1430.65,upward,0,0,0,0
2019,July,2019-07-31,Wednesday,3,1430.9,1411.5,1432.7,1413.83,downward,0,0,0,0
2019,August,2019-08-01,Thursday,4,1416.05,1401.0,1450.15,1450.15,upward,0,0,0,1
2019,August,2019-08-02,Friday,5,1444.95,1430.4,1451.85,1451.85,upward,0,0,0,1
2019,August,2019-08-03,Saturday,6,,,,,,,,,
2019,August,2019-08-04,Sunday,7,1451.85,1451.85,1453.58,1453.58,upward,0,0,0,1
2019,August,2019-08-05,Monday,1,1440.35,1437.2,1469.65,1453.75,upward,0,0,0,0
2019,August,2019-08-06,Tuesday,2,1469.1,1456.95,1474.85,1474.28,upward,0,0,0,0
2019,August,2019-08-07,Wednesday,3,1474.45,1472.5,1510.05,1501.45,upward,0,0,0,0
2019,August,2019-08-08,Thursday,4,1498.65,1490.1,1509.4,1500.15,downward,0,0,0,0
2019,August,2019-08-09,Friday,5,1506.7,1495.0,1508.05,1495.25,downward,0,0,0,0
2019,August,2019-08-10,Saturday,6,,,,,,,,,
2019,August,2019-08-11,Sunday,7,1495.25,1495.25,1495.25,1495.25,maintain,1,1,1,1
2019,August,2019-08-12,Monday,1,1496.05,1488.35,1517.0,1502.15,upward,0,0,0,0
2019,August,2019-08-13,Tuesday,2,1510.65,1475.15,1534.35,1475.15,downward,0,0,1,0
2019,August,2019-08-14,Wednesday,3,1501.9,1495.0,1523.55,1500.15,upward,0,0,0,0
2019,August,2019-08-15,Thursday,4,1519.0,1508.4,1526.6,1515.15,upward,0,0,0,0
2019,August,2019-08-16,Friday,5,1522.05,1504.85,1527.3,1514.15,downward,0,0,0,0
2019,August,2019-08-17,Saturday,6,,,,,,,,,
2019,August,2019-08-18,Sunday,7,1514.15,1514.15,1514.15,1514.15,maintain,1,1,1,1
2019,August,2019-08-19,Monday,1,1509.9,1493.6,1513.0,1495.85,downward,0,0,0,0
2019,August,2019-08-20,Tuesday,2,1496.85,1493.55,1508.1,1507.55,upward,0,0,0,0
2019,August,2019-08-21,Wednesday,3,1506.6,1492.15,1507.9,1492.15,downward,0,0,1,0
2019,August,2019-08-22,Thursday,4,1502.1,1481.15,1504.5,1481.15,downward,0,0,1,0
2019,August,2019-08-23,Friday,5,1498.85,1481.15,1529.85,1481.15,maintain,0,0,1,0
2019,August,2019-08-24,Saturday,6,,,,,,,,,
2019,August,2019-08-25,Sunday,7,1481.15,1481.15,1481.15,1481.15,maintain,1,1,1,1
2019,August,2019-08-26,Monday,1,1545.15,1522.05,1554.75,1522.05,upward,0,0,1,0
2019,August,2019-08-27,Tuesday,2,1527.0,1526.1,1544.4,1542.55,upward,0,0,0,0
2019,August,2019-08-28,Wednesday,3,1541.1,1532.25,1546.65,1538.95,downward,0,0,0,0
2019,August,2019-08-29,Thursday,4,1539.35,1503.05,1550.1,1503.2,downward,0,0,0,0
2019,August,2019-08-30,Friday,5,1527.7,1517.75,1532.6,1520.25,upward,0,0,0,0
2019,August,2019-08-31,Saturday,6,,,,,,,,,
2019,September,2019-09-01,Sunday,7,1520.25,1520.25,1520.25,1520.25,maintain,1,1,1,1
2019,September,2019-09-02,Monday,1,1529.7,1519.8,1533.7,1529.85,upward,0,0,0,0
2019,September,2019-09-03,Tuesday,2,1527.0,1521.9,1549.65,1549.35,upward,0,0,0,0
2019,September,2019-09-04,Wednesday,3,1546.38,1534.1,1557.0,1552.55,upward,0,0,0,0
2019,September,2019-09-05,Thursday,4,1551.55,1510.6,1553.0,1519.35,downward,0,0,0,0
2019,September,2019-09-06,Friday,5,1518.9,1502.15,1527.65,1502.15,downward,0,0,1,0
2019,September,2019-09-07,Saturday,6,,,,,,,,,
2019,September,2019-09-08,Sunday,7,1502.15,1502.15,1502.15,1502.15,maintain,1,1,1,1
2019,September,2019-09-09,Monday,1,1514.43,1498.1,1515.1,1499.13,downward,0,0,0,0
2019,September,2019-09-10,Tuesday,2,1498.4,1485.1,1500.7,1485.65,downward,0,0,0,0
2019,September,2019-09-11,Wednesday,3,1486.85,1486.15,1498.2,1496.98,upward,0,0,0,0
2019,September,2019-09-12,Thursday,4,1497.05,1489.4,1524.25,1499.15,upward,0,0,0,0
2019,September,2019-09-13,Friday,5,1497.85,1483.25,1508.9,1483.25,downward,0,0,1,0
2019,September,2019-09-15,Sunday,7,,,,,,,,,
2019,September,2019-09-16,Monday,1,1504.55,1496.0,1511.9,1498.63,upward,0,0,0,0
2019,September,2019-09-17,Tuesday,2,1498.75,1493.7,1507.1,1501.15,upward,0,0,0,0
2019,September,2019-09-18,Wednesday,3,1501.85,1484.95,1511.0,1494.13,downward,0,0,0,0
2019,September,2019-09-19,Thursday,4,1493.05,1489.35,1504.2,1499.23,upward,0,0,0,0
2019,September,2019-09-20,Friday,5,1499.35,1498.15,1517.15,1517.15,upward,0,0,0,1
2019,September,2019-09-21,Saturday,6,,,,,,,,,
2019,September,2019-09-22,Sunday,7,1517.15,1517.15,1517.15,1517.15,maintain,1,1,1,1
2019,September,2019-09-23,Monday,1,1507.2,1504.15,1526.5,1504.15,downward,0,0,1,0
2019,September,2019-09-24,Tuesday,2,1523.1,1515.9,1535.4,1531.65,upward,0,0,0,0
2019,September,2019-09-25,Wednesday,3,1533.25,1501.8,1535.15,1504.15,downward,0,0,0,0
2019,September,2019-09-26,Thursday,4,1503.7,1492.15,1512.0,1492.15,downward,0,0,1,0
2019,September,2019-09-27,Friday,5,1504.55,1487.7,1507.4,1496.95,upward,0,0,0,0
2019,September,2019-09-28,Saturday,6,,,,,,,,,
2019,September,2019-09-29,Sunday,7,1496.95,1496.95,1496.95,1496.95,maintain,1,1,1,1
2019,September,2019-09-30,Monday,1,1496.4,1464.75,1500.3,1472.25,downward,0,0,0,0
2019,October,2019-10-01,Tuesday,2,1473.3,1448.05,1486.8,1448.2,downward,0,0,0,0
2019,October,2019-10-02,Wednesday,3,1480.35,1474.7,1505.15,1499.5,upward,0,0,0,0
2019,October,2019-10-03,Thursday,4,1499.2,1496.7,1518.45,1505.35,upward,0,0,0,0
2019,October,2019-10-04,Friday,5,1506.4,1496.25,1520.55,1520.55,upward,0,0,0,1
2019,October,2019-10-05,Saturday,6,,,,,,,,,
2019,October,2019-10-06,Sunday,7,1520.55,1520.55,1520.55,1520.55,maintain,1,1,1,1
2019,October,2019-10-07,Monday,1,1508.55,1489.7,1509.3,1493.63,downward,0,0,0,0
2019,October,2019-10-08,Tuesday,2,1493.9,1487.8,1508.65,1505.48,upward,0,0,0,0
2019,October,2019-10-09,Wednesday,3,1506.75,1490.15,1511.1,1490.15,downward,0,0,1,0
2019,October,2019-10-10,Thursday,4,1506.1,1492.05,1517.65,1494.25,upward,0,0,0,0
2019,October,2019-10-11,Friday,5,1495.15,1474.3,1503.3,1489.85,downward,0,0,0,0
2019,October,2019-10-12,Saturday,6,,,,,,,,,
2019,October,2019-10-13,Sunday,7,1489.85,1489.85,1489.85,1489.85,maintain,1,1,1,1
2019,October,2019-10-14,Monday,1,1486.93,1483.0,1497.05,1492.98,upward,0,0,0,0
2019,October,2019-10-15,Tuesday,2,1492.45,1477.85,1504.85,1504.85,upward,0,0,0,1
